TYPE,SCOPE,NAME,DESCRIPTION,DATATYPE,SPECIFIER,ATTRIBUTES
TAG,,Test_SEL1,Be vao 3,RW_Selection,,"(Constant := false, ExternalAccess := Read/Write)"
TAG,,Test_SEL2,Be vao 4,RW_Selection,,"(Constant := false, ExternalAccess := Read/Write)"
TAG,,Test_SEL3,Be vao 5,RW_Selection,,"(Constant := false, ExternalAccess := Read/Write)"
TAG,,Test_SEL4,Be vao 6,RW_Selection,,"(Constant := false, ExternalAccess := Read/Write)"
TAG,,TestSEQ1,Chau len ba 2,RW_Sequence,,"(Constant := false, ExternalAccess := Read/Write)"
TAG,,TestSEQ2,Chau len ba 3,RW_Sequence,,"(Constant := false, ExternalAccess := Read/Write)"
TAG,,TestSEQ3,Chau len ba 4,RW_Sequence,,"(Constant := false, ExternalAccess := Read/Write)"
TAG,,TestSEQ4,Chau len ba 5,RW_Sequence,,"(Constant := false, ExternalAccess := Read/Write)"
TAG,,TestSEQ5,Chau len ba 6,RW_Sequence,,"(Constant := false, ExternalAccess := Read/Write)"
TAG,,TestSEQ6,Chau len ba 7,RW_Sequence,,"(Constant := false, ExternalAccess := Read/Write)"
TAG,,OP_TestSEQ1,,RW_Selection,,"(Constant := false, ExternalAccess := Read/Write)"
TAG,,OP_TestSEQ2,,RW_Selection,,"(Constant := false, ExternalAccess := Read/Write)"
TAG,,OP_TestSEQ3,,RW_Selection,,"(Constant := false, ExternalAccess := Read/Write)"
TAG,,OP_TestSEQ4,,RW_Selection,,"(Constant := false, ExternalAccess := Read/Write)"
TAG,,OP_TestSEQ5,,RW_Selection,,"(Constant := false, ExternalAccess := Read/Write)"
TAG,,OP_TestSEQ6,,RW_Selection,,"(Constant := false, ExternalAccess := Read/Write)"
TAG,,TestSEQ1_S,,Status,,"(Constant := false, ExternalAccess := Read/Write)"
TAG,,TestSEQ2_S,,Status,,"(Constant := false, ExternalAccess := Read/Write)"
TAG,,TestSEQ3_S,,Status,,"(Constant := false, ExternalAccess := Read/Write)"
TAG,,TestSEQ4_S,,Status,,"(Constant := false, ExternalAccess := Read/Write)"
TAG,,TestSEQ5_S,,Status,,"(Constant := false, ExternalAccess := Read/Write)"
TAG,,TestSEQ6_S,,Status,,"(Constant := false, ExternalAccess := Read/Write)"
TAG,,TestSEQ1_SP,,SETPOINTS[100],,"(Constant := false, ExternalAccess := Read/Write)"
TAG,,TestSEQ2_SP,,SETPOINTS[100],,"(Constant := false, ExternalAccess := Read/Write)"
TAG,,TestSEQ3_SP,,SETPOINTS[100],,"(Constant := false, ExternalAccess := Read/Write)"
TAG,,TestSEQ4_SP,,SETPOINTS[100],,"(Constant := false, ExternalAccess := Read/Write)"
TAG,,TestSEQ5_SP,,SETPOINTS[100],,"(Constant := false, ExternalAccess := Read/Write)"
TAG,,TestSEQ6_SP,,SETPOINTS[100],,"(Constant := false, ExternalAccess := Read/Write)"
TAG,,TestSEQ1_HMI_SP,,SETPOINT100,,"(Constant := false, ExternalAccess := Read/Write)"
TAG,,TestSEQ2_HMI_SP,,SETPOINT100,,"(Constant := false, ExternalAccess := Read/Write)"
TAG,,TestSEQ3_HMI_SP,,SETPOINT100,,"(Constant := false, ExternalAccess := Read/Write)"
TAG,,TestSEQ4_HMI_SP,,SETPOINT100,,"(Constant := false, ExternalAccess := Read/Write)"
TAG,,TestSEQ5_HMI_SP,,SETPOINT100,,"(Constant := false, ExternalAccess := Read/Write)"
TAG,,TestSEQ6_HMI_SP,,SETPOINT100,,"(Constant := false, ExternalAccess := Read/Write)"
TAG,,G1E1W01AV100,"Cream Mixing, Mix Tank, product inlet valve",RW_Valve,,"(Constant := false, ExternalAccess := Read/Write)"
TAG,,G1E1W01AV103,"Cream Mixing, Mix Tank, cip pulse valve",RW_Valve,,"(Constant := false, ExternalAccess := Read/Write)"
TAG,,G1E1W01AV104,"Cream Mixing, Mix Tank, circulation line flush valve",RW_Valve,,"(Constant := false, ExternalAccess := Read/Write)"
TAG,,G1E1W01AV105,"Cream Mixing, Mix Tank, circulation line CIP-R valve",RW_Valve,,"(Constant := false, ExternalAccess := Read/Write)"
TAG,,G1E1W01AV120,"Cream Mixing, Mix Tank, product inlet CIP valve",RW_Valve,,"(Constant := false, ExternalAccess := Read/Write)"
TAG,,G1E1W01AV121,"Cream Mixing, Mix Tank, sight glass CIP valve",RW_Valve,,"(Constant := false, ExternalAccess := Read/Write)"
TAG,,G1E1W01AV122,"Cream Mixing, Mix Tank, mixproof chamber CIP valve",RW_Valve,,"(Constant := false, ExternalAccess := Read/Write)"
TAG,,G1E1W01AV130,"Cream Mixing, Mix Tank, hot water valve",RW_Valve,,"(Constant := false, ExternalAccess := Read/Write)"
TAG,,G1E1W01AV140,"Cream Mixing, Mix Tank, process water valve",RW_Valve,,"(Constant := false, ExternalAccess := Read/Write)"
TAG,,G1E1W01AV200,"Cream Mixing, Mix Tank, outlet valve",RW_Valve,,"(Constant := false, ExternalAccess := Read/Write)"
TAG,,G1E1W01AV201,"Cream Mixing, Mix Tank, Circulation line outlet valve",RW_Valve,,"(Constant := false, ExternalAccess := Read/Write)"
TAG,,G1E1W01AV202,"Cream Mixing, Mix Tank, transfer line oulet valve",RW_Valve,,"(Constant := false, ExternalAccess := Read/Write)"
TAG,,G1E1W01AV203,"Cream Mixing, Mix Tank, flaker filling valve",RW_Valve,,"(Constant := false, ExternalAccess := Read/Write)"
TAG,,G1E1W01AV204,"Cream Mixing, Mix Tank, CIP-R valve",RW_Valve,,"(Constant := false, ExternalAccess := Read/Write)"
TAG,,G1E1W01AV205,"Cream Mixing, Mix Tank, drain valve",RW_Valve,,"(Constant := false, ExternalAccess := Read/Write)"
TAG,,G1E1W01AVSpare1,Spare valve,RW_Valve,,"(Constant := false, ExternalAccess := Read/Write)"
TAG,,G1E1W01AVSpare2,Spare valve,RW_Valve,,"(Constant := false, ExternalAccess := Read/Write)"
TAG,,G1E1W01AVSpare3,Spare valve,RW_Valve,,"(Constant := false, ExternalAccess := Read/Write)"
TAG,,G1E1W01AVSpare4,Spare valve,RW_Valve,,"(Constant := false, ExternalAccess := Read/Write)"
TAG,,G1E1W01AVSpare5,Spare valve,RW_Valve,,"(Constant := false, ExternalAccess := Read/Write)"
TAG,,G1E1W01AVSpare6,Spare valve,RW_Valve,,"(Constant := false, ExternalAccess := Read/Write)"
TAG,,G1E1W04AV104,"Cream flaker tank, transfer line drain valve",RW_Valve,,"(Constant := false, ExternalAccess := Read/Write)"
TAG,,G1E1W04AV105,"Cream flaker tank, transfer line CIP-R valve",RW_Valve,,"(Constant := false, ExternalAccess := Read/Write)"
TAG,,G1E1W04AV130,"Cream flaker tank, hot water supply valve",RW_Valve,,"(Constant := false, ExternalAccess := Read/Write)"
TAG,,G1E1W04AV140,"Cream flaker tank, process water supply valve",RW_Valve,,"(Constant := false, ExternalAccess := Read/Write)"
TAG,,G1E1W04AV200,"Cream flaker tank, outlet valve",RW_Valve,,"(Constant := false, ExternalAccess := Read/Write)"
TAG,,G1E1W04AV205,"Cream flaker tank, drain vavle for transfer line",RW_Valve,,"(Constant := false, ExternalAccess := Read/Write)"
TAG,,G1E1W04AV301,"Cream flaker tank, steam on off valve",RW_Valve,,"(Constant := false, ExternalAccess := Read/Write)"
TAG,,G1E1W05AV101,"Cream mixing, AMF, water supply valve",RW_Valve,,"(Constant := false, ExternalAccess := Read/Write)"
TAG,,G1E1W05AV102,"Cream mixing, AMF, water n CIP-S valve",RW_Valve,,"(Constant := false, ExternalAccess := Read/Write)"
TAG,,G1E1W05AV104,"Cream mixing, AMF, line drain valve",RW_Valve,,"(Constant := false, ExternalAccess := Read/Write)"
TAG,,G1E1W05AV105,"Cream mixing, AMF, CIP-R valve",RW_Valve,,"(Constant := false, ExternalAccess := Read/Write)"
TAG,,G1E1W06AV102,"Cream Mixing, Water heater, water drain valve",RW_Valve,,"(Constant := false, ExternalAccess := Read/Write)"
TAG,,G1E1W06AV301,"Cream Mixing, Water heater, steam on off valve",RW_Valve,,"(Constant := false, ExternalAccess := Read/Write)"
TAG,,G1E1W11AV101,"Cream mixing, Circulation line, water supply valve",RW_Valve,,"(Constant := false, ExternalAccess := Read/Write)"
TAG,,G1E1W11AV102,"Cream mixing, Circulation line, Water n CIP-S valve",RW_Valve,,"(Constant := false, ExternalAccess := Read/Write)"
TAG,,G1E1W11AV103,"Cream mixing, Circulation line, AMF dosing valve",RW_Valve,,"(Constant := false, ExternalAccess := Read/Write)"
TAG,,G1E1W12AV101,"Cream mixing, transfer line, water supply valve",RW_Valve,,"(Constant := false, ExternalAccess := Read/Write)"
TAG,,G1E1W12AV102,"Cream mixing, transfer line, Water n CIP-S valve",RW_Valve,,"(Constant := false, ExternalAccess := Read/Write)"
TAG,,G1E2W01AV121,"Cream Storage TK1, CIP sight glass valve",RW_Valve,,"(Constant := false, ExternalAccess := Read/Write)"
TAG,,G1E2W01AV140,"Cream Storage TK1, process water valve",RW_Valve,,"(Constant := false, ExternalAccess := Read/Write)"
TAG,,G1E2W01AV200,"Cream Storage TK1, outlet valve",RW_Valve,,"(Constant := false, ExternalAccess := Read/Write)"
TAG,,G1E2W01AV201,"Cream Storage TK1, fill from mixing valve",RW_Valve,,"(Constant := false, ExternalAccess := Read/Write)"
TAG,,G1E2W01AV202,"Cream Storage TK1, transfer to UHT valve",RW_Valve,,"(Constant := false, ExternalAccess := Read/Write)"
TAG,,G1E2W01AV204,"Cream Storage TK1, CIP-R valve",RW_Valve,,"(Constant := false, ExternalAccess := Read/Write)"
TAG,,G1E2W01AV205,"Cream Storage TK1, drain valve",RW_Valve,,"(Constant := false, ExternalAccess := Read/Write)"
TAG,,G1E2W01AV401,"Cream Storage TK1, glycol supply valve",RW_Valve,,"(Constant := false, ExternalAccess := Read/Write)"
TAG,,G1E2W02AV121,"Cream Storage TK2, CIP sight glass valve",RW_Valve,,"(Constant := false, ExternalAccess := Read/Write)"
TAG,,G1E2W02AV140,"Cream Storage TK2, process water valve",RW_Valve,,"(Constant := false, ExternalAccess := Read/Write)"
TAG,,G1E2W02AV200,"Cream Storage TK2, outlet valve",RW_Valve,,"(Constant := false, ExternalAccess := Read/Write)"
TAG,,G1E2W02AV201,"Cream Storage TK2, fill from mixing valve",RW_Valve,,"(Constant := false, ExternalAccess := Read/Write)"
TAG,,G1E2W02AV202,"Cream Storage TK2, transfer to UHT valve",RW_Valve,,"(Constant := false, ExternalAccess := Read/Write)"
TAG,,G1E2W02AV204,"Cream Storage TK2, CIP-R valve",RW_Valve,,"(Constant := false, ExternalAccess := Read/Write)"
TAG,,G1E2W02AV205,"Cream Storage TK2, drain valve",RW_Valve,,"(Constant := false, ExternalAccess := Read/Write)"
TAG,,G1E2W02AV401,"Cream Storage TK2, glycol supply valve",RW_Valve,,"(Constant := false, ExternalAccess := Read/Write)"
TAG,,G1E2W06AV103,"Cream storage, Cooler, cip pulse valve",RW_Valve,,"(Constant := false, ExternalAccess := Read/Write)"
TAG,,G1E2W06AV104,"Cream storage, Cooler, line drain valve",RW_Valve,,"(Constant := false, ExternalAccess := Read/Write)"
TAG,,G1E2W06AV105,"Cream storage, Cooler, CIP-R valve",RW_Valve,,"(Constant := false, ExternalAccess := Read/Write)"
TAG,,G1E2W06AV401,"Cream storage, Cooler, glycol supply valve",RW_Valve,,"(Constant := false, ExternalAccess := Read/Write)"
TAG,,G1E2W12AV101,"Cream storage, transfer line, water supply valve",RW_Valve,,"(Constant := false, ExternalAccess := Read/Write)"
TAG,,G1E2W12AV102,"Cream storage, transfer line, Water n CIP-S valve",RW_Valve,,"(Constant := false, ExternalAccess := Read/Write)"
TAG,,G1E2W12AV103,"Cream storage, transfer line, cip pulse valve",RW_Valve,,"(Constant := false, ExternalAccess := Read/Write)"
TAG,,G1E2W15AV103,"Cream storage, CIP-R, pulse valve",RW_Valve,,"(Constant := false, ExternalAccess := Read/Write)"
TAG,,G1Q1W01AV104,"CIP1, Fresh water tank, water valve",RW_Valve,,"(Constant := false, ExternalAccess := Read/Write)"
TAG,,G1Q1W01AV140,"CIP1, Fresh water tank, water valve",RW_Valve,,"(Constant := false, ExternalAccess := Read/Write)"
TAG,,G1Q1W02AV140,"CIP1, Hot water tank, water valve",RW_Valve,,"(Constant := false, ExternalAccess := Read/Write)"
TAG,,G1Q1W03AV001,"CIP1, Acid tank, drain valve",RW_Valve,,"(Constant := false, ExternalAccess := Read/Write)"
TAG,,G1Q1W03AV140,"CIP1, Acid tank, water valve",RW_Valve,,"(Constant := false, ExternalAccess := Read/Write)"
TAG,,G1Q1W03AV150,"CIP1, Acid tank, acid dosing valve",RW_Valve,,"(Constant := false, ExternalAccess := Read/Write)"
TAG,,G1Q1W04AV001,"CIP1, Caustic tank, drain valve",RW_Valve,,"(Constant := false, ExternalAccess := Read/Write)"
TAG,,G1Q1W04AV140,"CIP1, Caustic tank, water valve",RW_Valve,,"(Constant := false, ExternalAccess := Read/Write)"
TAG,,G1Q1W04AV150,"CIP1, Caustic tank, Caustic dosing valve",RW_Valve,,"(Constant := false, ExternalAccess := Read/Write)"
TAG,,G1Q1W05AV211,"CIP1, Concentrate chamical, ",RW_Valve,,"(Constant := false, ExternalAccess := Read/Write)"
TAG,,G1Q1W05AV221,"CIP1, Concentrate chamical, ",RW_Valve,,"(Constant := false, ExternalAccess := Read/Write)"
TAG,,G1Q1W11AV100,"CIP1, CIP-R line 1, drain valve",RW_Valve,,"(Constant := false, ExternalAccess := Read/Write)"
TAG,,G1Q1W11AV102,"CIP1, CIP-R line 1, hot water valve",RW_Valve,,"(Constant := false, ExternalAccess := Read/Write)"
TAG,,G1Q1W11AV103,"CIP1, CIP-R line 1, acid valve",RW_Valve,,"(Constant := false, ExternalAccess := Read/Write)"
TAG,,G1Q1W11AV104,"CIP1, CIP-R line 1, caustic valve",RW_Valve,,"(Constant := false, ExternalAccess := Read/Write)"
TAG,,G1Q1W11AV201,"CIP1, CIP-S line 1, fresh water valve",RW_Valve,,"(Constant := false, ExternalAccess := Read/Write)"
TAG,,G1Q1W11AV202,"CIP1, CIP-S line 1, hot water valve",RW_Valve,,"(Constant := false, ExternalAccess := Read/Write)"
TAG,,G1Q1W11AV203,"CIP1, CIP-S line 1, acid valve",RW_Valve,,"(Constant := false, ExternalAccess := Read/Write)"
TAG,,G1Q1W11AV204,"CIP1, CIP-S line 1, caustic valve",RW_Valve,,"(Constant := false, ExternalAccess := Read/Write)"
TAG,,G1Q1W12AV100,"CIP1, CIP-R line 2, drain valve",RW_Valve,,"(Constant := false, ExternalAccess := Read/Write)"
TAG,,G1Q1W12AV102,"CIP1, CIP-R line 2, hot water valve",RW_Valve,,"(Constant := false, ExternalAccess := Read/Write)"
TAG,,G1Q1W12AV103,"CIP1, CIP-R line 2, acid valve",RW_Valve,,"(Constant := false, ExternalAccess := Read/Write)"
TAG,,G1Q1W12AV104,"CIP1, CIP-R line 2, caustic valve",RW_Valve,,"(Constant := false, ExternalAccess := Read/Write)"
TAG,,G1Q1W12AV201,"CIP1, CIP-S line 2, fresh water valve",RW_Valve,,"(Constant := false, ExternalAccess := Read/Write)"
TAG,,G1Q1W12AV202,"CIP1, CIP-S line 2, hot water valve",RW_Valve,,"(Constant := false, ExternalAccess := Read/Write)"
TAG,,G1Q1W12AV203,"CIP1, CIP-S line 2, acid valve",RW_Valve,,"(Constant := false, ExternalAccess := Read/Write)"
TAG,,G1Q1W12AV204,"CIP1, CIP-S line 2, caustic valve",RW_Valve,,"(Constant := false, ExternalAccess := Read/Write)"
TAG,,G1Q1W12AV210,"CIP1, CIP-S line 2, recirculation valve",RW_Valve,,"(Constant := false, ExternalAccess := Read/Write)"
TAG,,G1Q1W12AV211,"CIP1, CIP-S line 2, distribution valve",RW_Valve,,"(Constant := false, ExternalAccess := Read/Write)"
TAG,,G1Q1W12AV301,"CIP1, CIP-S line 2, steam supply",RW_Valve,,"(Constant := false, ExternalAccess := Read/Write)"
TAG,,G1Q1W13AV100,"CIP1, CIP-R line 3, drain valve",RW_Valve,,"(Constant := false, ExternalAccess := Read/Write)"
TAG,,G1Q1W13AV102,"CIP1, CIP-R line 3, hot water valve",RW_Valve,,"(Constant := false, ExternalAccess := Read/Write)"
TAG,,G1Q1W13AV103,"CIP1, CIP-R line 3, acid valve",RW_Valve,,"(Constant := false, ExternalAccess := Read/Write)"
TAG,,G1Q1W13AV104,"CIP1, CIP-R line 3, caustic valve",RW_Valve,,"(Constant := false, ExternalAccess := Read/Write)"
TAG,,G1Q1W13AV201,"CIP1, CIP-S line 3, fresh water valve",RW_Valve,,"(Constant := false, ExternalAccess := Read/Write)"
TAG,,G1Q1W13AV202,"CIP1, CIP-S line 3, hot water valve",RW_Valve,,"(Constant := false, ExternalAccess := Read/Write)"
TAG,,G1Q1W13AV203,"CIP1, CIP-S line 3, acid valve",RW_Valve,,"(Constant := false, ExternalAccess := Read/Write)"
TAG,,G1Q1W13AV204,"CIP1, CIP-S line 3, caustic valve",RW_Valve,,"(Constant := false, ExternalAccess := Read/Write)"
TAG,,G1Q1W13AV210,"CIP1, CIP-S line 3, recirculation valve",RW_Valve,,"(Constant := false, ExternalAccess := Read/Write)"
TAG,,G1Q1W13AV211,"CIP1, CIP-S line 3, distribution valve",RW_Valve,,"(Constant := false, ExternalAccess := Read/Write)"
TAG,,G1Q1W13AV212,"CIP1, CIP-S line 3, distribution valve",RW_Valve,,"(Constant := false, ExternalAccess := Read/Write)"
TAG,,G1Q1W13AV213,"CIP1, CIP-S line 3, distribution valve",RW_Valve,,"(Constant := false, ExternalAccess := Read/Write)"
TAG,,G1Q1W13AV301,"CIP1, CIP-S line 3, steam supply",RW_Valve,,"(Constant := false, ExternalAccess := Read/Write)"
TAG,,G1Q1W14AV100,"CIP1, CIP-R line 4, drain valve",RW_Valve,,"(Constant := false, ExternalAccess := Read/Write)"
TAG,,G1Q1W14AV102,"CIP1, CIP-R line 4, hot water valve",RW_Valve,,"(Constant := false, ExternalAccess := Read/Write)"
TAG,,G1Q1W14AV103,"CIP1, CIP-R line 4, acid valve",RW_Valve,,"(Constant := false, ExternalAccess := Read/Write)"
TAG,,G1Q1W14AV104,"CIP1, CIP-R line 4, caustic valve",RW_Valve,,"(Constant := false, ExternalAccess := Read/Write)"
TAG,,G1Q1W14AV201,"CIP1, CIP-S line 4, fresh water valve",RW_Valve,,"(Constant := false, ExternalAccess := Read/Write)"
TAG,,G1Q1W14AV202,"CIP1, CIP-S line 4, hot water valve",RW_Valve,,"(Constant := false, ExternalAccess := Read/Write)"
TAG,,G1Q1W14AV203,"CIP1, CIP-S line 4, acid valve",RW_Valve,,"(Constant := false, ExternalAccess := Read/Write)"
TAG,,G1Q1W14AV204,"CIP1, CIP-S line 4, caustic valve",RW_Valve,,"(Constant := false, ExternalAccess := Read/Write)"
TAG,,G1Q1W14AV210,"CIP1, CIP-S line 4, recirculation valve",RW_Valve,,"(Constant := false, ExternalAccess := Read/Write)"
TAG,,G1Q1W14AV211,"CIP1, CIP-S line 4, distribution valve",RW_Valve,,"(Constant := false, ExternalAccess := Read/Write)"
TAG,,G1Q1W14AV301,"CIP1, CIP-S line 4, steam supply",RW_Valve,,"(Constant := false, ExternalAccess := Read/Write)"
TAG,,G1Q2W01AV104,"CIP2, Fresh water tank, water valve",RW_Valve,,"(Constant := false, ExternalAccess := Read/Write)"
TAG,,G1Q2W01AV140,"CIP2, Fresh water tank, water valve",RW_Valve,,"(Constant := false, ExternalAccess := Read/Write)"
TAG,,G1Q2W03AV001,"CIP2, Acid tank, drain valve",RW_Valve,,"(Constant := false, ExternalAccess := Read/Write)"
TAG,,G1Q2W03AV140,"CIP2, Acid tank, water valve",RW_Valve,,"(Constant := false, ExternalAccess := Read/Write)"
TAG,,G1Q2W03AV150,"CIP2, Acid tank, acid dosing valve",RW_Valve,,"(Constant := false, ExternalAccess := Read/Write)"
TAG,,G1Q2W04AV001,"CIP2, Caustic tank, drain valve",RW_Valve,,"(Constant := false, ExternalAccess := Read/Write)"
TAG,,G1Q2W04AV140,"CIP2, Caustic tank, water valve",RW_Valve,,"(Constant := false, ExternalAccess := Read/Write)"
TAG,,G1Q2W04AV150,"CIP2, Caustic tank, Caustic dosing valve",RW_Valve,,"(Constant := false, ExternalAccess := Read/Write)"
TAG,,G1Q2W11AV100,"CIP2, CIP-R line 1, drain valve",RW_Valve,,"(Constant := false, ExternalAccess := Read/Write)"
TAG,,G1Q2W11AV103,"CIP2, CIP-R line 1, acid valve",RW_Valve,,"(Constant := false, ExternalAccess := Read/Write)"
TAG,,G1Q2W11AV104,"CIP2, CIP-R line 1, caustic valve",RW_Valve,,"(Constant := false, ExternalAccess := Read/Write)"
TAG,,G1Q2W11AV201,"CIP2, CIP-S line 1, fresh water valve",RW_Valve,,"(Constant := false, ExternalAccess := Read/Write)"
TAG,,G1Q2W11AV203,"CIP2, CIP-S line 1, acid valve",RW_Valve,,"(Constant := false, ExternalAccess := Read/Write)"
TAG,,G1Q2W11AV204,"CIP2, CIP-S line 1, caustic valve",RW_Valve,,"(Constant := false, ExternalAccess := Read/Write)"
TAG,,G1Q2W11AV210,"CIP2, CIP-S line 1, recirculation valve",RW_Valve,,"(Constant := false, ExternalAccess := Read/Write)"
TAG,,G1Q2W11AV211,"CIP2, CIP-S line 1, distribution valve",RW_Valve,,"(Constant := false, ExternalAccess := Read/Write)"
TAG,,G1Q2W11AV212,"CIP2, CIP-S line 1, distribution valve",RW_Valve,,"(Constant := false, ExternalAccess := Read/Write)"
TAG,,G1Q2W11AV213,"CIP2, CIP-S line 1, distribution valve",RW_Valve,,"(Constant := false, ExternalAccess := Read/Write)"
TAG,,G1Q2W11AV301,"CIP2, CIP-S line 1, steam supply",RW_Valve,,"(Constant := false, ExternalAccess := Read/Write)"
TAG,,G1Q2W12AV100,"CIP2, CIP-R line 2, drain valve",RW_Valve,,"(Constant := false, ExternalAccess := Read/Write)"
TAG,,G1Q2W12AV103,"CIP2, CIP-R line 2, acid valve",RW_Valve,,"(Constant := false, ExternalAccess := Read/Write)"
TAG,,G1Q2W12AV104,"CIP2, CIP-R line 2, caustic valve",RW_Valve,,"(Constant := false, ExternalAccess := Read/Write)"
TAG,,G1Q2W12AV201,"CIP2, CIP-S line 2, fresh water valve",RW_Valve,,"(Constant := false, ExternalAccess := Read/Write)"
TAG,,G1Q2W12AV203,"CIP2, CIP-S line 2, acid valve",RW_Valve,,"(Constant := false, ExternalAccess := Read/Write)"
TAG,,G1Q2W12AV204,"CIP2, CIP-S line 2, caustic valve",RW_Valve,,"(Constant := false, ExternalAccess := Read/Write)"
TAG,,G1Q2W12AV210,"CIP2, CIP-S line 2, recirculation valve",RW_Valve,,"(Constant := false, ExternalAccess := Read/Write)"
TAG,,G1Q2W12AV211,"CIP2, CIP-S line 2, distribution valve",RW_Valve,,"(Constant := false, ExternalAccess := Read/Write)"
TAG,,G1Q2W12AV212,"CIP2, CIP-S line 2, distribution valve",RW_Valve,,"(Constant := false, ExternalAccess := Read/Write)"
TAG,,G1Q2W12AV213,"CIP2, CIP-S line 2, distribution valve",RW_Valve,,"(Constant := false, ExternalAccess := Read/Write)"
TAG,,G1Q2W12AV301,"CIP2, CIP-S line 2, steam supply",RW_Valve,,"(Constant := false, ExternalAccess := Read/Write)"
TAG,,G1Q2W13AV100,"CIP2, CIP-R line 3, drain valve",RW_Valve,,"(Constant := false, ExternalAccess := Read/Write)"
TAG,,G1Q2W13AV103,"CIP2, CIP-R line 3, acid valve",RW_Valve,,"(Constant := false, ExternalAccess := Read/Write)"
TAG,,G1Q2W13AV104,"CIP2, CIP-R line 3, caustic valve",RW_Valve,,"(Constant := false, ExternalAccess := Read/Write)"
TAG,,G1Q2W13AV201,"CIP2, CIP-S line 3, fresh water valve",RW_Valve,,"(Constant := false, ExternalAccess := Read/Write)"
TAG,,G1Q2W13AV203,"CIP2, CIP-S line 3, acid valve",RW_Valve,,"(Constant := false, ExternalAccess := Read/Write)"
TAG,,G1Q2W13AV204,"CIP2, CIP-S line 3, caustic valve",RW_Valve,,"(Constant := false, ExternalAccess := Read/Write)"
TAG,,G1Q2W13AV210,"CIP2, CIP-S line 3, recirculation valve",RW_Valve,,"(Constant := false, ExternalAccess := Read/Write)"
TAG,,G1Q2W13AV211,"CIP2, CIP-S line 3, distribution valve",RW_Valve,,"(Constant := false, ExternalAccess := Read/Write)"
TAG,,G1Q2W13AV212,"CIP2, CIP-S line 3, distribution valve",RW_Valve,,"(Constant := false, ExternalAccess := Read/Write)"
TAG,,G1Q2W13AV213,"CIP2, CIP-S line 3, distribution valve",RW_Valve,,"(Constant := false, ExternalAccess := Read/Write)"
TAG,,G1Q2W13AV301,"CIP2, CIP-S line 3, steam supply",RW_Valve,,"(Constant := false, ExternalAccess := Read/Write)"
TAG,,G2E1W01AV100,"Juice Mixing, Mix Tank, product inlet valve",RW_Valve,,"(Constant := false, ExternalAccess := Read/Write)"
TAG,,G2E1W01AV103,"Juice Mixing, Mix Tank, cip pulse valve",RW_Valve,,"(Constant := false, ExternalAccess := Read/Write)"
TAG,,G2E1W01AV104,"Juice Mixing, Mix Tank, circulation line flush valve",RW_Valve,,"(Constant := false, ExternalAccess := Read/Write)"
TAG,,G2E1W01AV105,"Juice Mixing, Mix Tank, circulation line CIP-R valve",RW_Valve,,"(Constant := false, ExternalAccess := Read/Write)"
TAG,,G2E1W01AV120,"Juice Mixing, Mix Tank, product inlet CIP valve",RW_Valve,,"(Constant := false, ExternalAccess := Read/Write)"
TAG,,G2E1W01AV121,"Juice Mixing, Mix Tank, sight glass CIP valve",RW_Valve,,"(Constant := false, ExternalAccess := Read/Write)"
TAG,,G2E1W01AV122,"Juice Mixing, Mix Tank, mixproof chamber CIP valve",RW_Valve,,"(Constant := false, ExternalAccess := Read/Write)"
TAG,,G2E1W01AV130,"Juice Mixing, Mix Tank, hot water valve",RW_Valve,,"(Constant := false, ExternalAccess := Read/Write)"
TAG,,G2E1W01AV140,"Juice Mixing, Mix Tank, process water valve",RW_Valve,,"(Constant := false, ExternalAccess := Read/Write)"
TAG,,G2E1W01AV200,"Juice Mixing, Mix Tank, outlet valve",RW_Valve,,"(Constant := false, ExternalAccess := Read/Write)"
TAG,,G2E1W01AV201,"Juice Mixing, Mix Tank, Circulation line outlet valve",RW_Valve,,"(Constant := false, ExternalAccess := Read/Write)"
TAG,,G2E1W01AV202,"Juice Mixing, Mix Tank, transfer line oulet valve",RW_Valve,,"(Constant := false, ExternalAccess := Read/Write)"
TAG,,G2E1W01AV203,"Juice Mixing, Mix Tank, flaker filling valve",RW_Valve,,"(Constant := false, ExternalAccess := Read/Write)"
TAG,,G2E1W01AV204,"Juice Mixing, Mix Tank, CIP-R valve",RW_Valve,,"(Constant := false, ExternalAccess := Read/Write)"
TAG,,G2E1W01AV205,"Juice Mixing, Mix Tank, drain valve",RW_Valve,,"(Constant := false, ExternalAccess := Read/Write)"
TAG,,G2E1W05AV101,"Juice mixing, Concentrate juice, water supply valve",RW_Valve,,"(Constant := false, ExternalAccess := Read/Write)"
TAG,,G2E1W05AV102,"Juice mixing, Concentrate juice, water n CIP-S valve",RW_Valve,,"(Constant := false, ExternalAccess := Read/Write)"
TAG,,G2E1W05AV104,"Juice mixing, Concentrate juice, line drain valve",RW_Valve,,"(Constant := false, ExternalAccess := Read/Write)"
TAG,,G2E1W05AV105,"Juice mixing, Concentrate juice, CIP-R valve",RW_Valve,,"(Constant := false, ExternalAccess := Read/Write)"
TAG,,G2E1W06AV102,"Juice Mixing, Water heater, water drain valve",RW_Valve,,"(Constant := false, ExternalAccess := Read/Write)"
TAG,,G2E1W06AV301,"Juice Mixing, Water heater, steam on off valve",RW_Valve,,"(Constant := false, ExternalAccess := Read/Write)"
TAG,,G2E1W11AV101,"Juice mixing, Circulation line, water supply valve",RW_Valve,,"(Constant := false, ExternalAccess := Read/Write)"
TAG,,G2E1W11AV102,"Juice mixing, Circulation line, Water n CIP-S valve",RW_Valve,,"(Constant := false, ExternalAccess := Read/Write)"
TAG,,G2E1W12AV101,"Juice mixing, transfer line, water supply valve",RW_Valve,,"(Constant := false, ExternalAccess := Read/Write)"
TAG,,G2E1W12AV102,"Juice mixing, transfer line, Water n CIP-S valve",RW_Valve,,"(Constant := false, ExternalAccess := Read/Write)"
TAG,,G2E2W01AV100,"Juice storage TK1, particle inlet valve",RW_Valve,,"(Constant := false, ExternalAccess := Read/Write)"
TAG,,G2E2W01AV120,"Juice storage TK1, CIP top inlet valve",RW_Valve,,"(Constant := false, ExternalAccess := Read/Write)"
TAG,,G2E2W01AV121,"Juice Storage TK1, CIP sight glass valve",RW_Valve,,"(Constant := false, ExternalAccess := Read/Write)"
TAG,,G2E2W01AV140,"Juice Storage TK1, process water valve",RW_Valve,,"(Constant := false, ExternalAccess := Read/Write)"
TAG,,G2E2W01AV200,"Juice Storage TK1, outlet valve",RW_Valve,,"(Constant := false, ExternalAccess := Read/Write)"
TAG,,G2E2W01AV201,"Juice Storage TK1, fill from mixing valve",RW_Valve,,"(Constant := false, ExternalAccess := Read/Write)"
TAG,,G2E2W01AV202,"Juice Storage TK1, transfer to UHT valve",RW_Valve,,"(Constant := false, ExternalAccess := Read/Write)"
TAG,,G2E2W01AV203,"Juice storage TK1, filling from crusher valve",RW_Valve,,"(Constant := false, ExternalAccess := Read/Write)"
TAG,,G2E2W01AV204,"Juice Storage TK1, CIP-R valve",RW_Valve,,"(Constant := false, ExternalAccess := Read/Write)"
TAG,,G2E2W01AV205,"Juice Storage TK1, drain valve",RW_Valve,,"(Constant := false, ExternalAccess := Read/Write)"
TAG,,G2E2W01AV401,"Juice Storage TK1, glycol supply valve",RW_Valve,,"(Constant := false, ExternalAccess := Read/Write)"
TAG,,G2E2W02AV100,"Juice storage TK2, particle inlet valve",RW_Valve,,"(Constant := false, ExternalAccess := Read/Write)"
TAG,,G2E2W02AV120,"Juice storage TK2, CIP top inlet valve",RW_Valve,,"(Constant := false, ExternalAccess := Read/Write)"
TAG,,G2E2W02AV121,"Juice Storage TK2, CIP sight glass valve",RW_Valve,,"(Constant := false, ExternalAccess := Read/Write)"
TAG,,G2E2W02AV140,"Juice Storage TK2, process water valve",RW_Valve,,"(Constant := false, ExternalAccess := Read/Write)"
TAG,,G2E2W02AV200,"Juice Storage TK2, outlet valve",RW_Valve,,"(Constant := false, ExternalAccess := Read/Write)"
TAG,,G2E2W02AV201,"Juice Storage TK2, fill from mixing valve",RW_Valve,,"(Constant := false, ExternalAccess := Read/Write)"
TAG,,G2E2W02AV202,"Juice Storage TK2, transfer to UHT valve",RW_Valve,,"(Constant := false, ExternalAccess := Read/Write)"
TAG,,G2E2W02AV203,"Juice storage TK2, filling from crusher valve",RW_Valve,,"(Constant := false, ExternalAccess := Read/Write)"
TAG,,G2E2W02AV204,"Juice Storage TK2, CIP-R valve",RW_Valve,,"(Constant := false, ExternalAccess := Read/Write)"
TAG,,G2E2W02AV205,"Juice Storage TK2, drain valve",RW_Valve,,"(Constant := false, ExternalAccess := Read/Write)"
TAG,,G2E2W02AV401,"Juice Storage TK2, glycol supply valve",RW_Valve,,"(Constant := false, ExternalAccess := Read/Write)"
TAG,,G2E2W03AV100,"Juice storage TK3, particle inlet valve",RW_Valve,,"(Constant := false, ExternalAccess := Read/Write)"
TAG,,G2E2W03AV120,"Juice storage TK3, CIP top inlet valve",RW_Valve,,"(Constant := false, ExternalAccess := Read/Write)"
TAG,,G2E2W03AV121,"Juice Storage TK3, CIP sight glass valve",RW_Valve,,"(Constant := false, ExternalAccess := Read/Write)"
TAG,,G2E2W03AV140,"Juice Storage TK3, process water valve",RW_Valve,,"(Constant := false, ExternalAccess := Read/Write)"
TAG,,G2E2W03AV200,"Juice Storage TK3, outlet valve",RW_Valve,,"(Constant := false, ExternalAccess := Read/Write)"
TAG,,G2E2W03AV201,"Juice Storage TK3, fill from mixing valve",RW_Valve,,"(Constant := false, ExternalAccess := Read/Write)"
TAG,,G2E2W03AV202,"Juice Storage TK3, transfer to UHT valve",RW_Valve,,"(Constant := false, ExternalAccess := Read/Write)"
TAG,,G2E2W03AV203,"Juice storage TK3, filling from crusher valve",RW_Valve,,"(Constant := false, ExternalAccess := Read/Write)"
TAG,,G2E2W03AV204,"Juice Storage TK3, CIP-R valve",RW_Valve,,"(Constant := false, ExternalAccess := Read/Write)"
TAG,,G2E2W03AV205,"Juice Storage TK3, drain valve",RW_Valve,,"(Constant := false, ExternalAccess := Read/Write)"
TAG,,G2E2W03AV401,"Juice Storage TK3, glycol supply valve",RW_Valve,,"(Constant := false, ExternalAccess := Read/Write)"
TAG,,G2E2W04AV103,"Juice Storage, Particle tank, CIP pulse valve",RW_Valve,,"(Constant := false, ExternalAccess := Read/Write)"
TAG,,G2E2W04AV104,"Juice Storage, Particle tank, drain valve",RW_Valve,,"(Constant := false, ExternalAccess := Read/Write)"
TAG,,G2E2W04AV105,"Juice Storage, Particle tank, CIP-R valve",RW_Valve,,"(Constant := false, ExternalAccess := Read/Write)"
TAG,,G2E2W06AV103,"Juice storage, Cooler, cip pulse valve",RW_Valve,,"(Constant := false, ExternalAccess := Read/Write)"
TAG,,G2E2W06AV104,"Juice storage, Cooler, line drain valve",RW_Valve,,"(Constant := false, ExternalAccess := Read/Write)"
TAG,,G2E2W06AV105,"Juice storage, Cooler, CIP-R valve",RW_Valve,,"(Constant := false, ExternalAccess := Read/Write)"
TAG,,G2E2W06AV401,"Juice storage, Cooler, glycol supply valve",RW_Valve,,"(Constant := false, ExternalAccess := Read/Write)"
TAG,,G2E2W12AV101,"Juice storage, transfer line, water supply valve",RW_Valve,,"(Constant := false, ExternalAccess := Read/Write)"
TAG,,G2E2W12AV102,"Juice storage, transfer line, Water n CIP-S valve",RW_Valve,,"(Constant := false, ExternalAccess := Read/Write)"
TAG,,G2E2W12AV103,"Juice storage, transfer line, CIP pulse valve",RW_Valve,,"(Constant := false, ExternalAccess := Read/Write)"
TAG,,G2E2W13AV103,"Juice Storage, Crusher filling line, CIP pulse valve",RW_Valve,,"(Constant := false, ExternalAccess := Read/Write)"
TAG,,G2E2W13AV104,"Juice Storage, Crusher filling line, drain valve",RW_Valve,,"(Constant := false, ExternalAccess := Read/Write)"
TAG,,G2E2W13AV105,"Juice Storage, Crusher filling line, CIP-R valve",RW_Valve,,"(Constant := false, ExternalAccess := Read/Write)"
TAG,,G2E2W15AV103,"Juice storage, CIP-R, pulse valve",RW_Valve,,"(Constant := false, ExternalAccess := Read/Write)"
TAG,,G1E1W01AG001,"Cream Mixing, Mix Tank, agitator",RW_Motor,,"(Constant := false, ExternalAccess := Read/Write)"
TAG,,G1E1W04AG001,"Cream flaker tank, agitator",RW_Motor,,"(Constant := false, ExternalAccess := Read/Write)"
TAG,,G1E1W04PU101,"Cream flaker tank, transfer pump",RW_Motor,,"(Constant := false, ExternalAccess := Read/Write)"
TAG,,G1E1W05PU101,"Cream mixing, AMF, transfer pump",RW_Motor,,"(Constant := false, ExternalAccess := Read/Write)"
TAG,,G1E1W11PU101,"Cream mixing, Circulation line, transfer pump",RW_Motor,,"(Constant := false, ExternalAccess := Read/Write)"
TAG,,G1E1W11PU102,"Cream mixing, Circulation line, vacuum pump",RW_Motor,,"(Constant := false, ExternalAccess := Read/Write)"
TAG,,G1E1W11PU103,"Cream mixing, Circulation line, mixer",RW_Motor,,"(Constant := false, ExternalAccess := Read/Write)"
TAG,,G1E1W12PU101,"Cream mixing, transfer line, transfer pump",RW_Motor,,"(Constant := false, ExternalAccess := Read/Write)"
TAG,,G1E2W01AG001,"Cream Storage TK1, agitator",RW_Motor,,"(Constant := false, ExternalAccess := Read/Write)"
TAG,,G1E2W02AG001,"Cream Storage TK2, agitator",RW_Motor,,"(Constant := false, ExternalAccess := Read/Write)"
TAG,,G1E2W12PU101,"Cream storage, transfer line, transfer pump",RW_Motor,,"(Constant := false, ExternalAccess := Read/Write)"
TAG,,G1E2W15PU101,"Cream storage, CIP-R pump",RW_Motor,,"(Constant := false, ExternalAccess := Read/Write)"
TAG,,G1Q1W05PU211,"CIP1, Concentrate chamical, ",RW_Motor,,"(Constant := false, ExternalAccess := Read/Write)"
TAG,,G1Q1W05PU221,"CIP1, Concentrate chamical, ",RW_Motor,,"(Constant := false, ExternalAccess := Read/Write)"
TAG,,G1Q1W05PU231,"CIP1, Concentrate chamical, ",RW_Motor,,"(Constant := false, ExternalAccess := Read/Write)"
TAG,,G1Q1W05PU241,"CIP1, Concentrate chamical, ",RW_Motor,,"(Constant := false, ExternalAccess := Read/Write)"
TAG,,G1Q1W11PU201,"CIP1, CIP-S line 1, CIP pump",RW_Motor,,"(Constant := false, ExternalAccess := Read/Write)"
TAG,,G1Q1W12PU201,"CIP1, CIP-S line 2, CIP pump",RW_Motor,,"(Constant := false, ExternalAccess := Read/Write)"
TAG,,G1Q1W13PU201,"CIP1, CIP-S line 3, CIP pump",RW_Motor,,"(Constant := false, ExternalAccess := Read/Write)"
TAG,,G1Q1W14PU201,"CIP1, CIP-S line 4, CIP pump",RW_Motor,,"(Constant := false, ExternalAccess := Read/Write)"
TAG,,G1Q2W11PU201,"CIP2, CIP-S line 1, CIP pump",RW_Motor,,"(Constant := false, ExternalAccess := Read/Write)"
TAG,,G1Q2W12PU201,"CIP2, CIP-S line 2, CIP pump",RW_Motor,,"(Constant := false, ExternalAccess := Read/Write)"
TAG,,G1Q2W13PU201,"CIP2, CIP-S line 3, CIP pump",RW_Motor,,"(Constant := false, ExternalAccess := Read/Write)"
TAG,,G2E1W01AG001,"Juice Mixing, Mix Tank, agitator",RW_Motor,,"(Constant := false, ExternalAccess := Read/Write)"
TAG,,G2E1W05PU101,"Juice mixing, Concentrate juice, transfer pump",RW_Motor,,"(Constant := false, ExternalAccess := Read/Write)"
TAG,,G2E1W11PU101,"Juice mixing, Circulation line, transfer pump",RW_Motor,,"(Constant := false, ExternalAccess := Read/Write)"
TAG,,G2E1W11PU103,"Juice mixing, Circulation line, mixer",RW_Motor,,"(Constant := false, ExternalAccess := Read/Write)"
TAG,,G2E1W12PU101,"Juice mixing, transfer line, transfer pump",RW_Motor,,"(Constant := false, ExternalAccess := Read/Write)"
TAG,,G2E2W01AG001,"Juice Storage TK1, agitator",RW_Motor,,"(Constant := false, ExternalAccess := Read/Write)"
TAG,,G2E2W02AG001,"Juice Storage TK2, agitator",RW_Motor,,"(Constant := false, ExternalAccess := Read/Write)"
TAG,,G2E2W03AG001,"Juice Storage TK3, agitator",RW_Motor,,"(Constant := false, ExternalAccess := Read/Write)"
TAG,,G2E2W04AG001,"Juice Storage, Particle tank, agitator",RW_Motor,,"(Constant := false, ExternalAccess := Read/Write)"
TAG,,G2E2W04PU001,"Juice Storage, Particle tank, transfer pump",RW_Motor,,"(Constant := false, ExternalAccess := Read/Write)"
TAG,,G2E2W12PU101,"Juice storage, transfer line, transfer pump",RW_Motor,,"(Constant := false, ExternalAccess := Read/Write)"
TAG,,G2E2W15PU101,"Juice storage, CIP-R pump",RW_Motor,,"(Constant := false, ExternalAccess := Read/Write)"
TAG,,G2SACWPU10,"Juice hot aseptic tank, circulation pump",RW_Motor,,"(Constant := false, ExternalAccess := Read/Write)"
TAG,,G1E1W01AG001_SC,"Cream Mixing, Mix Tank, agitator",RW_AO,,"(Constant := false, ExternalAccess := Read/Write)"
TAG,,G1E1W04AG001_SC,"Cream flaker tank, agitator",RW_AO,,"(Constant := false, ExternalAccess := Read/Write)"
TAG,,G1E1W04PU101_SC,"Cream flaker tank, transfer pump",RW_AO,,"(Constant := false, ExternalAccess := Read/Write)"
TAG,,G1E1W05PU101_SC,"Cream mixing, AMF, transfer pump",RW_AO,,"(Constant := false, ExternalAccess := Read/Write)"
TAG,,G1E1W11PU101_SC,"Cream mixing, Circulation line, transfer pump",RW_AO,,"(Constant := false, ExternalAccess := Read/Write)"
TAG,,G1E1W11PU102_SC,"Cream mixing, Circulation line, vacuum pump",RW_AO,,"(Constant := false, ExternalAccess := Read/Write)"
TAG,,G1E1W11PU103_SC,"Cream mixing, Circulation line, mixer",RW_AO,,"(Constant := false, ExternalAccess := Read/Write)"
TAG,,G1E1W12PU101_SC,"Cream mixing, transfer line, transfer pump",RW_AO,,"(Constant := false, ExternalAccess := Read/Write)"
TAG,,G1E2W01AG001_SC,"Cream Storage TK1, agitator",RW_AO,,"(Constant := false, ExternalAccess := Read/Write)"
TAG,,G1E2W02AG001_SC,"Cream Storage TK2, agitator",RW_AO,,"(Constant := false, ExternalAccess := Read/Write)"
TAG,,G1E2W12PU101_SC,"Cream storage, transfer line, transfer pump",RW_AO,,"(Constant := false, ExternalAccess := Read/Write)"
TAG,,G1E2W15PU101_SC,"Cream storage, CIP-R pump",RW_AO,,"(Constant := false, ExternalAccess := Read/Write)"
TAG,,G1Q1W05PU211_SC,"CIP1, Concentrate chamical, ",RW_AO,,"(Constant := false, ExternalAccess := Read/Write)"
TAG,,G1Q1W05PU221_SC,"CIP1, Concentrate chamical, ",RW_AO,,"(Constant := false, ExternalAccess := Read/Write)"
TAG,,G1Q1W05PU231_SC,"CIP1, Concentrate chamical, ",RW_AO,,"(Constant := false, ExternalAccess := Read/Write)"
TAG,,G1Q1W05PU241_SC,"CIP1, Concentrate chamical, ",RW_AO,,"(Constant := false, ExternalAccess := Read/Write)"
TAG,,G1Q1W11PU201_SC,"CIP1, CIP-S line 1, CIP pump",RW_AO,,"(Constant := false, ExternalAccess := Read/Write)"
TAG,,G1Q1W12PU201_SC,"CIP1, CIP-S line 2, CIP pump",RW_AO,,"(Constant := false, ExternalAccess := Read/Write)"
TAG,,G1Q1W13PU201_SC,"CIP1, CIP-S line 3, CIP pump",RW_AO,,"(Constant := false, ExternalAccess := Read/Write)"
TAG,,G1Q1W14PU201_SC,"CIP1, CIP-S line 4, CIP pump",RW_AO,,"(Constant := false, ExternalAccess := Read/Write)"
TAG,,G1Q2W11PU201_SC,"CIP2, CIP-S line 1, CIP pump",RW_AO,,"(Constant := false, ExternalAccess := Read/Write)"
TAG,,G1Q2W12PU201_SC,"CIP2, CIP-S line 2, CIP pump",RW_AO,,"(Constant := false, ExternalAccess := Read/Write)"
TAG,,G1Q2W13PU201_SC,"CIP2, CIP-S line 3, CIP pump",RW_AO,,"(Constant := false, ExternalAccess := Read/Write)"
TAG,,G2E1W01AG001_SC,"Juice Mixing, Mix Tank, agitator",RW_AO,,"(Constant := false, ExternalAccess := Read/Write)"
TAG,,G2E1W05PU101_SC,"Juice mixing, Concentrate juice, transfer pump",RW_AO,,"(Constant := false, ExternalAccess := Read/Write)"
TAG,,G2E1W11PU101_SC,"Juice mixing, Circulation line, transfer pump",RW_AO,,"(Constant := false, ExternalAccess := Read/Write)"
TAG,,G2E1W11PU103_SC,"Juice mixing, Circulation line, mixer",RW_AO,,"(Constant := false, ExternalAccess := Read/Write)"
TAG,,G2E1W12PU101_SC,"Juice mixing, transfer line, transfer pump",RW_AO,,"(Constant := false, ExternalAccess := Read/Write)"
TAG,,G2E2W01AG001_SC,"Juice Storage TK1, agitator",RW_AO,,"(Constant := false, ExternalAccess := Read/Write)"
TAG,,G2E2W02AG001_SC,"Juice Storage TK2, agitator",RW_AO,,"(Constant := false, ExternalAccess := Read/Write)"
TAG,,G2E2W03AG001_SC,"Juice Storage TK3, agitator",RW_AO,,"(Constant := false, ExternalAccess := Read/Write)"
TAG,,G2E2W04AG001_SC,"Juice Storage, Particle tank, agitator",RW_AO,,"(Constant := false, ExternalAccess := Read/Write)"
TAG,,G2E2W04PU001_SC,"Juice Storage, Particle tank, transfer pump",RW_AO,,"(Constant := false, ExternalAccess := Read/Write)"
TAG,,G2E2W12PU101_SC,"Juice storage, transfer line, transfer pump",RW_AO,,"(Constant := false, ExternalAccess := Read/Write)"
TAG,,G2E2W15PU101_SC,"Juice storage, CIP-R pump",RW_AO,,"(Constant := false, ExternalAccess := Read/Write)"
TAG,,G2SACWPU10_SC,"Juice hot aseptic tank, circulation pump",RW_AO,,"(Constant := false, ExternalAccess := Read/Write)"
TAG,,G1E1W04SV120,"Cream flaker tank, seal water valve",RW_DO,,"(Constant := false, ExternalAccess := Read/Write)"
TAG,,G1E1W11SV120,"Cream mixing, Circulation line, seal water valve",RW_DO,,"(Constant := false, ExternalAccess := Read/Write)"
TAG,,G1E1W11SV130,"Cream mixing, seal water valve",RW_DO,,"(Constant := false, ExternalAccess := Read/Write)"
TAG,,G1E1W12SV120,"Cream mixing, transfer line, seal water valve",RW_DO,,"(Constant := false, ExternalAccess := Read/Write)"
TAG,,G1E2W12SV120,"Cream storage, transfer line, seal water valve",RW_DO,,"(Constant := false, ExternalAccess := Read/Write)"
TAG,,G1Q1W05SV231,"CIP1, Concentrate chamical, ",RW_DO,,"(Constant := false, ExternalAccess := Read/Write)"
TAG,,G1Q1W05SV241,"CIP1, Concentrate chamical, ",RW_DO,,"(Constant := false, ExternalAccess := Read/Write)"
TAG,,G2E1W11SV120,"Juice mixing, Circulation line, seal water valve",RW_DO,,"(Constant := false, ExternalAccess := Read/Write)"
TAG,,G2E1W11SV130,"Juice mixing, seal water valve",RW_DO,,"(Constant := false, ExternalAccess := Read/Write)"
TAG,,G2E1W12SV120,"Juice mixing, transfer line, seal water valve",RW_DO,,"(Constant := false, ExternalAccess := Read/Write)"
TAG,,G2E2W12SV120,"Juice storage, transfer line, seal water valve",RW_DO,,"(Constant := false, ExternalAccess := Read/Write)"
TAG,,G1E1W01LS001,"Cream Mixing, Mix Tank, high level switch",RW_DI,,"(Constant := false, ExternalAccess := Read/Write)"
TAG,,G1E1W04PX501,"Cream flaker tank, CIP-S proxi at FP501",RW_DI,,"(Constant := false, ExternalAccess := Read/Write)"
TAG,,G1E1W04PX502,"Cream flaker tank, CIP-S proxi at FP501",RW_DI,,"(Constant := false, ExternalAccess := Read/Write)"
TAG,,G1E1W04PX503,"Cream flaker tank, CIP-S proxi at FP501",RW_DI,,"(Constant := false, ExternalAccess := Read/Write)"
TAG,,G1E1W04PX504,"Cream flaker tank, CIP-S proxi at FP501",RW_DI,,"(Constant := false, ExternalAccess := Read/Write)"
TAG,,G1E1W05PB001,"Cream mixing, AMF, start button",RW_DI,,"(Constant := false, ExternalAccess := Read/Write)"
TAG,,G1E1W05PB002,"Cream mixing, AMF, stop button",RW_DI,,"(Constant := false, ExternalAccess := Read/Write)"
TAG,,G1E2W01LS001,"Cream Storage TK1, high level switch",RW_DI,,"(Constant := false, ExternalAccess := Read/Write)"
TAG,,G1E2W01PX001,"Cream Storage TK1, man way proximity",RW_DI,,"(Constant := false, ExternalAccess := Read/Write)"
TAG,,G1E2W02LS001,"Cream Storage TK2, high level switch",RW_DI,,"(Constant := false, ExternalAccess := Read/Write)"
TAG,,G1E2W02PX001,"Cream Storage TK2, man way proximity",RW_DI,,"(Constant := false, ExternalAccess := Read/Write)"
TAG,,G1E2W04PX501,"Cream Storage area, CIP-S proxi at FP501",RW_DI,,"(Constant := false, ExternalAccess := Read/Write)"
TAG,,G1E2W04PX502,"Cream Storage area, CIP-S proxi at FP501",RW_DI,,"(Constant := false, ExternalAccess := Read/Write)"
TAG,,G1E2W04PX503,"Cream Storage area, CIP-S proxi at FP501",RW_DI,,"(Constant := false, ExternalAccess := Read/Write)"
TAG,,G1E2W04PX504,"Cream Storage area, CIP-S proxi at FP501",RW_DI,,"(Constant := false, ExternalAccess := Read/Write)"
TAG,,G1Q1W01LS001,"CIP1, Fresh water tank, low level switch",RW_DI,,"(Constant := false, ExternalAccess := Read/Write)"
TAG,,G1Q1W01PX001,"CIP1, Fresh water tank, manway proximity",RW_DI,,"(Constant := false, ExternalAccess := Read/Write)"
TAG,,G1Q1W02LS001,"CIP1, Hot water tank, low level switch",RW_DI,,"(Constant := false, ExternalAccess := Read/Write)"
TAG,,G1Q1W02PX001,"CIP1, Hot water tank, manway proximity",RW_DI,,"(Constant := false, ExternalAccess := Read/Write)"
TAG,,G1Q1W03LS001,"CIP1, Acid tank, low level switch",RW_DI,,"(Constant := false, ExternalAccess := Read/Write)"
TAG,,G1Q1W03PX001,"CIP1, Acid tank, manway proximity",RW_DI,,"(Constant := false, ExternalAccess := Read/Write)"
TAG,,G1Q1W04LS001,"CIP1, Caustic tank, low level switch",RW_DI,,"(Constant := false, ExternalAccess := Read/Write)"
TAG,,G1Q1W04PX001,"CIP1, Caustic tank, manway proximity",RW_DI,,"(Constant := false, ExternalAccess := Read/Write)"
TAG,,G1Q1W11FS101,"CIP1, CIP-R line 1, flow switch",RW_DI,,"(Constant := false, ExternalAccess := Read/Write)"
TAG,,G1Q1W12FS101,"CIP1, CIP-R line 2, flow switch",RW_DI,,"(Constant := false, ExternalAccess := Read/Write)"
TAG,,G1Q1W13FS101,"CIP1, CIP-R line 3, flow switch",RW_DI,,"(Constant := false, ExternalAccess := Read/Write)"
TAG,,G1Q1W14FS101,"CIP1, CIP-R line 4, flow switch",RW_DI,,"(Constant := false, ExternalAccess := Read/Write)"
TAG,,G1Q2W01LS001,"CIP2, Fresh water tank, low level switch",RW_DI,,"(Constant := false, ExternalAccess := Read/Write)"
TAG,,G1Q2W01PX001,"CIP2, Fresh water tank, manway proximity",RW_DI,,"(Constant := false, ExternalAccess := Read/Write)"
TAG,,G1Q2W03LS001,"CIP2, Acid tank, low level switch",RW_DI,,"(Constant := false, ExternalAccess := Read/Write)"
TAG,,G1Q2W03PX001,"CIP2, Acid tank, manway proximity",RW_DI,,"(Constant := false, ExternalAccess := Read/Write)"
TAG,,G1Q2W04LS001,"CIP2, Caustic tank, low level switch",RW_DI,,"(Constant := false, ExternalAccess := Read/Write)"
TAG,,G1Q2W04PX001,"CIP2, Caustic tank, manway proximity",RW_DI,,"(Constant := false, ExternalAccess := Read/Write)"
TAG,,G1Q2W11FS101,"CIP2, CIP-R line 1, flow switch",RW_DI,,"(Constant := false, ExternalAccess := Read/Write)"
TAG,,G1Q2W12FS101,"CIP2, CIP-R line 2, flow switch",RW_DI,,"(Constant := false, ExternalAccess := Read/Write)"
TAG,,G1Q2W13FS101,"CIP2, CIP-R line 3, flow switch",RW_DI,,"(Constant := false, ExternalAccess := Read/Write)"
TAG,,G2E1W01LS001,"Juice Mixing, Mix Tank, high level switch",RW_DI,,"(Constant := false, ExternalAccess := Read/Write)"
TAG,,G2E1W04PX501,"Juice CIP flow plate, CIP-S proxi at FP501",RW_DI,,"(Constant := false, ExternalAccess := Read/Write)"
TAG,,G2E1W04PX502,"Juice CIP flow plate, CIP-S proxi at FP501",RW_DI,,"(Constant := false, ExternalAccess := Read/Write)"
TAG,,G2E1W04PX503,"Juice CIP flow plate, CIP-S proxi at FP501",RW_DI,,"(Constant := false, ExternalAccess := Read/Write)"
TAG,,G2E1W04PX504,"Juice CIP flow plate, CIP-S proxi at FP501",RW_DI,,"(Constant := false, ExternalAccess := Read/Write)"
TAG,,G2E1W05PB001,"Juice mixing, Concentrate juice, start button",RW_DI,,"(Constant := false, ExternalAccess := Read/Write)"
TAG,,G2E1W05PB002,"Juice mixing, Concentrate juice, stop button",RW_DI,,"(Constant := false, ExternalAccess := Read/Write)"
TAG,,G2E2W01LS001,"Juice Storage TK1, high level switch",RW_DI,,"(Constant := false, ExternalAccess := Read/Write)"
TAG,,G2E2W01PX001,"Juice Storage TK1, man way proximity",RW_DI,,"(Constant := false, ExternalAccess := Read/Write)"
TAG,,G2E2W02LS001,"Juice Storage TK2, high level switch",RW_DI,,"(Constant := false, ExternalAccess := Read/Write)"
TAG,,G2E2W02PX001,"Juice Storage TK2, man way proximity",RW_DI,,"(Constant := false, ExternalAccess := Read/Write)"
TAG,,G2E2W03LS001,"Juice Storage TK3, high level switch",RW_DI,,"(Constant := false, ExternalAccess := Read/Write)"
TAG,,G2E2W03PX001,"Juice Storage TK3, man way proximity",RW_DI,,"(Constant := false, ExternalAccess := Read/Write)"
TAG,,G2E2W04LS001,"Juice Storage, Particle tank, low level switch",RW_DI,,"(Constant := false, ExternalAccess := Read/Write)"
TAG,,G2E2W04PB001,"Juice Storage, Particle tank,  start button",RW_DI,,"(Constant := false, ExternalAccess := Read/Write)"
TAG,,G2E2W04PB002,"Juice Storage, Particle tank,  stop button",RW_DI,,"(Constant := false, ExternalAccess := Read/Write)"
TAG,,G2E2W04PX001,"Juice Storage, Particle tank, manway proximity",RW_DI,,"(Constant := false, ExternalAccess := Read/Write)"
TAG,,G2E2W04PX501,"Juice Storage area, CIP-S proxi at FP501",RW_DI,,"(Constant := false, ExternalAccess := Read/Write)"
TAG,,G2E2W04PX502,"Juice Storage area, CIP-S proxi at FP501",RW_DI,,"(Constant := false, ExternalAccess := Read/Write)"
TAG,,G2E2W04PX503,"Juice Storage area, CIP-S proxi at FP501",RW_DI,,"(Constant := false, ExternalAccess := Read/Write)"
TAG,,G2E2W04PX504,"Juice Storage area, CIP-S proxi at FP501",RW_DI,,"(Constant := false, ExternalAccess := Read/Write)"
TAG,,G1E1W01LS001_ALM,,ALARM_DIGITAL,,"(Constant := false, ExternalAccess := Read/Write)"
TAG,,G1E1W04PX501_ALM,,ALARM_DIGITAL,,"(Constant := false, ExternalAccess := Read/Write)"
TAG,,G1E1W04PX502_ALM,,ALARM_DIGITAL,,"(Constant := false, ExternalAccess := Read/Write)"
TAG,,G1E1W04PX503_ALM,,ALARM_DIGITAL,,"(Constant := false, ExternalAccess := Read/Write)"
TAG,,G1E1W04PX504_ALM,,ALARM_DIGITAL,,"(Constant := false, ExternalAccess := Read/Write)"
TAG,,G1E1W05PB001_ALM,,ALARM_DIGITAL,,"(Constant := false, ExternalAccess := Read/Write)"
TAG,,G1E1W05PB002_ALM,,ALARM_DIGITAL,,"(Constant := false, ExternalAccess := Read/Write)"
TAG,,G1E2W01LS001_ALM,,ALARM_DIGITAL,,"(Constant := false, ExternalAccess := Read/Write)"
TAG,,G1E2W01PX001_ALM,,ALARM_DIGITAL,,"(Constant := false, ExternalAccess := Read/Write)"
TAG,,G1E2W02LS001_ALM,,ALARM_DIGITAL,,"(Constant := false, ExternalAccess := Read/Write)"
TAG,,G1E2W02PX001_ALM,,ALARM_DIGITAL,,"(Constant := false, ExternalAccess := Read/Write)"
TAG,,G1E2W04PX501_ALM,,ALARM_DIGITAL,,"(Constant := false, ExternalAccess := Read/Write)"
TAG,,G1E2W04PX502_ALM,,ALARM_DIGITAL,,"(Constant := false, ExternalAccess := Read/Write)"
TAG,,G1E2W04PX503_ALM,,ALARM_DIGITAL,,"(Constant := false, ExternalAccess := Read/Write)"
TAG,,G1E2W04PX504_ALM,,ALARM_DIGITAL,,"(Constant := false, ExternalAccess := Read/Write)"
TAG,,G1Q1W01LS001_ALM,,ALARM_DIGITAL,,"(Constant := false, ExternalAccess := Read/Write)"
TAG,,G1Q1W01PX001_ALM,,ALARM_DIGITAL,,"(Constant := false, ExternalAccess := Read/Write)"
TAG,,G1Q1W02LS001_ALM,,ALARM_DIGITAL,,"(Constant := false, ExternalAccess := Read/Write)"
TAG,,G1Q1W02PX001_ALM,,ALARM_DIGITAL,,"(Constant := false, ExternalAccess := Read/Write)"
TAG,,G1Q1W03LS001_ALM,,ALARM_DIGITAL,,"(Constant := false, ExternalAccess := Read/Write)"
TAG,,G1Q1W03PX001_ALM,,ALARM_DIGITAL,,"(Constant := false, ExternalAccess := Read/Write)"
TAG,,G1Q1W04LS001_ALM,,ALARM_DIGITAL,,"(Constant := false, ExternalAccess := Read/Write)"
TAG,,G1Q1W04PX001_ALM,,ALARM_DIGITAL,,"(Constant := false, ExternalAccess := Read/Write)"
TAG,,G1Q1W11FS101_ALM,,ALARM_DIGITAL,,"(Constant := false, ExternalAccess := Read/Write)"
TAG,,G1Q1W12FS101_ALM,,ALARM_DIGITAL,,"(Constant := false, ExternalAccess := Read/Write)"
TAG,,G1Q1W13FS101_ALM,,ALARM_DIGITAL,,"(Constant := false, ExternalAccess := Read/Write)"
TAG,,G1Q1W14FS101_ALM,,ALARM_DIGITAL,,"(Constant := false, ExternalAccess := Read/Write)"
TAG,,G1Q2W01LS001_ALM,,ALARM_DIGITAL,,"(Constant := false, ExternalAccess := Read/Write)"
TAG,,G1Q2W01PX001_ALM,,ALARM_DIGITAL,,"(Constant := false, ExternalAccess := Read/Write)"
TAG,,G1Q2W03LS001_ALM,,ALARM_DIGITAL,,"(Constant := false, ExternalAccess := Read/Write)"
TAG,,G1Q2W03PX001_ALM,,ALARM_DIGITAL,,"(Constant := false, ExternalAccess := Read/Write)"
TAG,,G1Q2W04LS001_ALM,,ALARM_DIGITAL,,"(Constant := false, ExternalAccess := Read/Write)"
TAG,,G1Q2W04PX001_ALM,,ALARM_DIGITAL,,"(Constant := false, ExternalAccess := Read/Write)"
TAG,,G1Q2W11FS101_ALM,,ALARM_DIGITAL,,"(Constant := false, ExternalAccess := Read/Write)"
TAG,,G1Q2W12FS101_ALM,,ALARM_DIGITAL,,"(Constant := false, ExternalAccess := Read/Write)"
TAG,,G1Q2W13FS101_ALM,,ALARM_DIGITAL,,"(Constant := false, ExternalAccess := Read/Write)"
TAG,,G2E1W01LS001_ALM,,ALARM_DIGITAL,,"(Constant := false, ExternalAccess := Read/Write)"
TAG,,G2E1W04PX501_ALM,,ALARM_DIGITAL,,"(Constant := false, ExternalAccess := Read/Write)"
TAG,,G2E1W04PX502_ALM,,ALARM_DIGITAL,,"(Constant := false, ExternalAccess := Read/Write)"
TAG,,G2E1W04PX503_ALM,,ALARM_DIGITAL,,"(Constant := false, ExternalAccess := Read/Write)"
TAG,,G2E1W04PX504_ALM,,ALARM_DIGITAL,,"(Constant := false, ExternalAccess := Read/Write)"
TAG,,G2E1W05PB001_ALM,,ALARM_DIGITAL,,"(Constant := false, ExternalAccess := Read/Write)"
TAG,,G2E1W05PB002_ALM,,ALARM_DIGITAL,,"(Constant := false, ExternalAccess := Read/Write)"
TAG,,G2E2W01LS001_ALM,,ALARM_DIGITAL,,"(Constant := false, ExternalAccess := Read/Write)"
TAG,,G2E2W01PX001_ALM,,ALARM_DIGITAL,,"(Constant := false, ExternalAccess := Read/Write)"
TAG,,G2E2W02LS001_ALM,,ALARM_DIGITAL,,"(Constant := false, ExternalAccess := Read/Write)"
TAG,,G2E2W02PX001_ALM,,ALARM_DIGITAL,,"(Constant := false, ExternalAccess := Read/Write)"
TAG,,G2E2W03LS001_ALM,,ALARM_DIGITAL,,"(Constant := false, ExternalAccess := Read/Write)"
TAG,,G2E2W03PX001_ALM,,ALARM_DIGITAL,,"(Constant := false, ExternalAccess := Read/Write)"
TAG,,G2E2W04LS001_ALM,,ALARM_DIGITAL,,"(Constant := false, ExternalAccess := Read/Write)"
TAG,,G2E2W04PB001_ALM,,ALARM_DIGITAL,,"(Constant := false, ExternalAccess := Read/Write)"
TAG,,G2E2W04PB002_ALM,,ALARM_DIGITAL,,"(Constant := false, ExternalAccess := Read/Write)"
TAG,,G2E2W04PX001_ALM,,ALARM_DIGITAL,,"(Constant := false, ExternalAccess := Read/Write)"
TAG,,G2E2W04PX501_ALM,,ALARM_DIGITAL,,"(Constant := false, ExternalAccess := Read/Write)"
TAG,,G2E2W04PX502_ALM,,ALARM_DIGITAL,,"(Constant := false, ExternalAccess := Read/Write)"
TAG,,G2E2W04PX503_ALM,,ALARM_DIGITAL,,"(Constant := false, ExternalAccess := Read/Write)"
TAG,,G2E2W04PX504_ALM,,ALARM_DIGITAL,,"(Constant := false, ExternalAccess := Read/Write)"
TAG,,G1E1W06CV101,"Cream Mixing, Water heater, water control valve",RW_AO,,"(Constant := false, ExternalAccess := Read/Write)"
TAG,,G1E1W06CV301,"Cream Mixing, Water heater, steam control valve",RW_AO,,"(Constant := false, ExternalAccess := Read/Write)"
TAG,,G1E2W06CV401,"Cream storage, Cooler, glycol control valve",RW_AO,,"(Constant := false, ExternalAccess := Read/Write)"
TAG,,G1E2W06CV402,"Cream storage, Cooler, glycol bypass valve",RW_AO,,"(Constant := false, ExternalAccess := Read/Write)"
TAG,,G1Q1W12CV301,"CIP1, CIP-S line 2, steam control valve",RW_AO,,"(Constant := false, ExternalAccess := Read/Write)"
TAG,,G1Q1W13CV301,"CIP1, CIP-S line 3, steam control valve",RW_AO,,"(Constant := false, ExternalAccess := Read/Write)"
TAG,,G1Q1W14CV301,"CIP1, CIP-S line 4, steam control valve",RW_AO,,"(Constant := false, ExternalAccess := Read/Write)"
TAG,,G1Q2W11CV301,"CIP2, CIP-S line 1, steam control valve",RW_AO,,"(Constant := false, ExternalAccess := Read/Write)"
TAG,,G1Q2W12CV301,"CIP2, CIP-S line 2, steam control valve",RW_AO,,"(Constant := false, ExternalAccess := Read/Write)"
TAG,,G1Q2W13CV301,"CIP2, CIP-S line 3, steam control valve",RW_AO,,"(Constant := false, ExternalAccess := Read/Write)"
TAG,,G2E1W06CV101,"Juice Mixing, Water heater, water control valve",RW_AO,,"(Constant := false, ExternalAccess := Read/Write)"
TAG,,G2E1W06CV301,"Juice Mixing, Water heater, steam control valve",RW_AO,,"(Constant := false, ExternalAccess := Read/Write)"
TAG,,G2E2W06CV401,"Juice storage, Cooler, glycol control valve",RW_AO,,"(Constant := false, ExternalAccess := Read/Write)"
TAG,,G2E2W06CV402,"Juice storage, Cooler, glycol bypass valve",RW_AO,,"(Constant := false, ExternalAccess := Read/Write)"
TAG,,G1E1W01LT001,"Cream Mixing, Mix Tank, level transmitter",RW_AI,,"(Constant := false, ExternalAccess := Read/Write)"
TAG,,G1E1W01TT001,"Cream Mixing, Mix Tank, temperature transmitter",RW_AI,,"(Constant := false, ExternalAccess := Read/Write)"
TAG,,G1E1W04LT001,"Cream flaker tank, level transmitter",RW_AI,,"(Constant := false, ExternalAccess := Read/Write)"
TAG,,G1E1W04TT001,"Cream flaker tank, temperature transmitter",RW_AI,,"(Constant := false, ExternalAccess := Read/Write)"
TAG,,G1E1W06FT101,"Cream Mixing, Water heater, water flow meter",RW_AI,,"(Constant := false, ExternalAccess := Read/Write)"
TAG,,G1E1W06FT111,"Cream Mixing, Process water, flow meter",RW_AI,,"(Constant := false, ExternalAccess := Read/Write)"
TAG,,G1E1W06TT101,"Cream Mixing, Water heater, water temperature transmitter",RW_AI,,"(Constant := false, ExternalAccess := Read/Write)"
TAG,,G1E1W11FT101,"Cream mixing, Circulation line, flow meter",RW_AI,,"(Constant := false, ExternalAccess := Read/Write)"
TAG,,G1E2W01LT001,"Cream Storage TK1, level transmitter",RW_AI,,"(Constant := false, ExternalAccess := Read/Write)"
TAG,,G1E2W01TT001,"Cream Storage TK1, temperature transmitter",RW_AI,,"(Constant := false, ExternalAccess := Read/Write)"
TAG,,G1E2W02LT001,"Cream Storage TK2, level transmitter",RW_AI,,"(Constant := false, ExternalAccess := Read/Write)"
TAG,,G1E2W02TT001,"Cream Storage TK2, temperature transmitter",RW_AI,,"(Constant := false, ExternalAccess := Read/Write)"
TAG,,G1E2W06TT101,"Cream storage, Cooler, temperature transmitter",RW_AI,,"(Constant := false, ExternalAccess := Read/Write)"
TAG,,G1Q1W01LT001,"CIP1, Fresh water tank, level transmitter",RW_AI,,"(Constant := false, ExternalAccess := Read/Write)"
TAG,,G1Q1W02LT001,"CIP1, Hot water tank, level transmitter",RW_AI,,"(Constant := false, ExternalAccess := Read/Write)"
TAG,,G1Q1W02TT001,"CIP1, Hot water tank, temperature transmitter",RW_AI,,"(Constant := false, ExternalAccess := Read/Write)"
TAG,,G1Q1W03LT001,"CIP1, Acid tank, level transmitter",RW_AI,,"(Constant := false, ExternalAccess := Read/Write)"
TAG,,G1Q1W03TT001,"CIP1, Acid tank, temperature transmitter",RW_AI,,"(Constant := false, ExternalAccess := Read/Write)"
TAG,,G1Q1W04LT001,"CIP1, Caustic tank, level transmitter",RW_AI,,"(Constant := false, ExternalAccess := Read/Write)"
TAG,,G1Q1W04TT001,"CIP1, Caustic tank, temperature transmitter",RW_AI,,"(Constant := false, ExternalAccess := Read/Write)"
TAG,,G1Q1W11CT101,"CIP1, CIP-R line 1, conductivity",RW_AI,,"(Constant := false, ExternalAccess := Read/Write)"
TAG,,G1Q1W11FT201,"CIP1, CIP-S line 1, flow meter",RW_AI,,"(Constant := false, ExternalAccess := Read/Write)"
TAG,,G1Q1W11PT201,"CIP1, CIP-S line 1, pressure transmitter",RW_AI,,"(Constant := false, ExternalAccess := Read/Write)"
TAG,,G1Q1W11TT101,"CIP1, CIP-R line 1, temperature transmitter",RW_AI,,"(Constant := false, ExternalAccess := Read/Write)"
TAG,,G1Q1W12CT101,"CIP1, CIP-R line 2, conductivity",RW_AI,,"(Constant := false, ExternalAccess := Read/Write)"
TAG,,G1Q1W12FT201,"CIP1, CIP-S line 2, flow meter",RW_AI,,"(Constant := false, ExternalAccess := Read/Write)"
TAG,,G1Q1W12PT201,"CIP1, CIP-S line 2, pressure transmitter",RW_AI,,"(Constant := false, ExternalAccess := Read/Write)"
TAG,,G1Q1W12TT101,"CIP1, CIP-R line 2, temperature transmitter",RW_AI,,"(Constant := false, ExternalAccess := Read/Write)"
TAG,,G1Q1W12TT201,"CIP1, CIP-S line 2, temperature transmitter",RW_AI,,"(Constant := false, ExternalAccess := Read/Write)"
TAG,,G1Q1W13CT101,"CIP1, CIP-R line 3, conductivity",RW_AI,,"(Constant := false, ExternalAccess := Read/Write)"
TAG,,G1Q1W13FT201,"CIP1, CIP-S line 3, flow meter",RW_AI,,"(Constant := false, ExternalAccess := Read/Write)"
TAG,,G1Q1W13PT201,"CIP1, CIP-S line 3, pressure transmitter",RW_AI,,"(Constant := false, ExternalAccess := Read/Write)"
TAG,,G1Q1W13TT101,"CIP1, CIP-R line 3, temperature transmitter",RW_AI,,"(Constant := false, ExternalAccess := Read/Write)"
TAG,,G1Q1W13TT201,"CIP1, CIP-S line 3, temperature transmitter",RW_AI,,"(Constant := false, ExternalAccess := Read/Write)"
TAG,,G1Q1W14CT101,"CIP1, CIP-R line 4, conductivity",RW_AI,,"(Constant := false, ExternalAccess := Read/Write)"
TAG,,G1Q1W14FT201,"CIP1, CIP-S line 4, flow meter",RW_AI,,"(Constant := false, ExternalAccess := Read/Write)"
TAG,,G1Q1W14PT201,"CIP1, CIP-S line 4, pressure transmitter",RW_AI,,"(Constant := false, ExternalAccess := Read/Write)"
TAG,,G1Q1W14TT101,"CIP1, CIP-R line 4, temperature transmitter",RW_AI,,"(Constant := false, ExternalAccess := Read/Write)"
TAG,,G1Q1W14TT201,"CIP1, CIP-S line 4, temperature transmitter",RW_AI,,"(Constant := false, ExternalAccess := Read/Write)"
TAG,,G1Q2W01LT001,"CIP2, Fresh water tank, level transmitter",RW_AI,,"(Constant := false, ExternalAccess := Read/Write)"
TAG,,G1Q2W03LT001,"CIP2, Acid tank, level transmitter",RW_AI,,"(Constant := false, ExternalAccess := Read/Write)"
TAG,,G1Q2W03TT001,"CIP2, Acid tank, temperature transmitter",RW_AI,,"(Constant := false, ExternalAccess := Read/Write)"
TAG,,G1Q2W04LT001,"CIP2, Caustic tank, level transmitter",RW_AI,,"(Constant := false, ExternalAccess := Read/Write)"
TAG,,G1Q2W04TT001,"CIP2, Caustic tank, temperature transmitter",RW_AI,,"(Constant := false, ExternalAccess := Read/Write)"
TAG,,G1Q2W11CT101,"CIP2, CIP-R line 1, conductivity",RW_AI,,"(Constant := false, ExternalAccess := Read/Write)"
TAG,,G1Q2W11FT201,"CIP2, CIP-S line 1, flow meter",RW_AI,,"(Constant := false, ExternalAccess := Read/Write)"
TAG,,G1Q2W11PT201,"CIP2, CIP-S line 1, pressure transmitter",RW_AI,,"(Constant := false, ExternalAccess := Read/Write)"
TAG,,G1Q2W11TT101,"CIP2, CIP-R line 1, temperature transmitter",RW_AI,,"(Constant := false, ExternalAccess := Read/Write)"
TAG,,G1Q2W11TT201,"CIP2, CIP-S line 1, temperature transmitter",RW_AI,,"(Constant := false, ExternalAccess := Read/Write)"
TAG,,G1Q2W12CT101,"CIP2, CIP-R line 2, conductivity",RW_AI,,"(Constant := false, ExternalAccess := Read/Write)"
TAG,,G1Q2W12FT201,"CIP2, CIP-S line 2, flow meter",RW_AI,,"(Constant := false, ExternalAccess := Read/Write)"
TAG,,G1Q2W12PT201,"CIP2, CIP-S line 2, pressure transmitter",RW_AI,,"(Constant := false, ExternalAccess := Read/Write)"
TAG,,G1Q2W12TT101,"CIP2, CIP-R line 2, temperature transmitter",RW_AI,,"(Constant := false, ExternalAccess := Read/Write)"
TAG,,G1Q2W12TT201,"CIP2, CIP-S line 2, temperature transmitter",RW_AI,,"(Constant := false, ExternalAccess := Read/Write)"
TAG,,G1Q2W13CT101,"CIP2, CIP-R line 3, conductivity",RW_AI,,"(Constant := false, ExternalAccess := Read/Write)"
TAG,,G1Q2W13FT201,"CIP2, CIP-S line 3, flow meter",RW_AI,,"(Constant := false, ExternalAccess := Read/Write)"
TAG,,G1Q2W13PT201,"CIP2, CIP-S line 3, pressure transmitter",RW_AI,,"(Constant := false, ExternalAccess := Read/Write)"
TAG,,G1Q2W13TT101,"CIP2, CIP-R line 3, temperature transmitter",RW_AI,,"(Constant := false, ExternalAccess := Read/Write)"
TAG,,G1Q2W13TT201,"CIP2, CIP-S line 3, temperature transmitter",RW_AI,,"(Constant := false, ExternalAccess := Read/Write)"
TAG,,G2E1W01LT001,"Juice Mixing, Mix Tank, level transmitter",RW_AI,,"(Constant := false, ExternalAccess := Read/Write)"
TAG,,G2E1W01TT001,"Juice Mixing, Mix Tank, temperature transmitter",RW_AI,,"(Constant := false, ExternalAccess := Read/Write)"
TAG,,G2E1W06FT101,"Juice Mixing, Water heater, water flow meter",RW_AI,,"(Constant := false, ExternalAccess := Read/Write)"
TAG,,G2E1W06FT111,"Juice Mixing, Process water, flow meter",RW_AI,,"(Constant := false, ExternalAccess := Read/Write)"
TAG,,G2E1W06TT101,"Juice Mixing, Water heater, water temperature transmitter",RW_AI,,"(Constant := false, ExternalAccess := Read/Write)"
TAG,,G2E1W11FT101,"Juice mixing, Circulation line, flow meter",RW_AI,,"(Constant := false, ExternalAccess := Read/Write)"
TAG,,G2E2W01LT001,"Juice Storage TK1, level transmitter",RW_AI,,"(Constant := false, ExternalAccess := Read/Write)"
TAG,,G2E2W01TT001,"Juice Storage TK1, temperature transmitter",RW_AI,,"(Constant := false, ExternalAccess := Read/Write)"
TAG,,G2E2W02LT001,"Juice Storage TK2, level transmitter",RW_AI,,"(Constant := false, ExternalAccess := Read/Write)"
TAG,,G2E2W02TT001,"Juice Storage TK2, temperature transmitter",RW_AI,,"(Constant := false, ExternalAccess := Read/Write)"
TAG,,G2E2W03LT001,"Juice Storage TK3, level transmitter",RW_AI,,"(Constant := false, ExternalAccess := Read/Write)"
TAG,,G2E2W03TT001,"Juice Storage TK3, temperature transmitter",RW_AI,,"(Constant := false, ExternalAccess := Read/Write)"
TAG,,G2E2W06TT101,"Juice storage, Cooler, temperature transmitter",RW_AI,,"(Constant := false, ExternalAccess := Read/Write)"
TAG,,G1E1W01LT001_ALM,,ALARM_ANALOG,,"(Constant := false, ExternalAccess := Read/Write)"
TAG,,G1E1W01TT001_ALM,,ALARM_ANALOG,,"(Constant := false, ExternalAccess := Read/Write)"
TAG,,G1E1W04LT001_ALM,,ALARM_ANALOG,,"(Constant := false, ExternalAccess := Read/Write)"
TAG,,G1E1W04TT001_ALM,,ALARM_ANALOG,,"(Constant := false, ExternalAccess := Read/Write)"
TAG,,G1E1W06FT101_ALM,,ALARM_ANALOG,,"(Constant := false, ExternalAccess := Read/Write)"
TAG,,G1E1W06FT111_ALM,,ALARM_ANALOG,,"(Constant := false, ExternalAccess := Read/Write)"
TAG,,G1E1W06TT101_ALM,,ALARM_ANALOG,,"(Constant := false, ExternalAccess := Read/Write)"
TAG,,G1E1W11FT101_ALM,,ALARM_ANALOG,,"(Constant := false, ExternalAccess := Read/Write)"
TAG,,G1E2W01LT001_ALM,,ALARM_ANALOG,,"(Constant := false, ExternalAccess := Read/Write)"
TAG,,G1E2W01TT001_ALM,,ALARM_ANALOG,,"(Constant := false, ExternalAccess := Read/Write)"
TAG,,G1E2W02LT001_ALM,,ALARM_ANALOG,,"(Constant := false, ExternalAccess := Read/Write)"
TAG,,G1E2W02TT001_ALM,,ALARM_ANALOG,,"(Constant := false, ExternalAccess := Read/Write)"
TAG,,G1E2W06TT101_ALM,,ALARM_ANALOG,,"(Constant := false, ExternalAccess := Read/Write)"
TAG,,G1Q1W01LT001_ALM,,ALARM_ANALOG,,"(Constant := false, ExternalAccess := Read/Write)"
TAG,,G1Q1W02LT001_ALM,,ALARM_ANALOG,,"(Constant := false, ExternalAccess := Read/Write)"
TAG,,G1Q1W02TT001_ALM,,ALARM_ANALOG,,"(Constant := false, ExternalAccess := Read/Write)"
TAG,,G1Q1W03LT001_ALM,,ALARM_ANALOG,,"(Constant := false, ExternalAccess := Read/Write)"
TAG,,G1Q1W03TT001_ALM,,ALARM_ANALOG,,"(Constant := false, ExternalAccess := Read/Write)"
TAG,,G1Q1W04LT001_ALM,,ALARM_ANALOG,,"(Constant := false, ExternalAccess := Read/Write)"
TAG,,G1Q1W04TT001_ALM,,ALARM_ANALOG,,"(Constant := false, ExternalAccess := Read/Write)"
TAG,,G1Q1W11CT101_ALM,,ALARM_ANALOG,,"(Constant := false, ExternalAccess := Read/Write)"
TAG,,G1Q1W11FT201_ALM,,ALARM_ANALOG,,"(Constant := false, ExternalAccess := Read/Write)"
TAG,,G1Q1W11PT201_ALM,,ALARM_ANALOG,,"(Constant := false, ExternalAccess := Read/Write)"
TAG,,G1Q1W11TT101_ALM,,ALARM_ANALOG,,"(Constant := false, ExternalAccess := Read/Write)"
TAG,,G1Q1W12CT101_ALM,,ALARM_ANALOG,,"(Constant := false, ExternalAccess := Read/Write)"
TAG,,G1Q1W12FT201_ALM,,ALARM_ANALOG,,"(Constant := false, ExternalAccess := Read/Write)"
TAG,,G1Q1W12PT201_ALM,,ALARM_ANALOG,,"(Constant := false, ExternalAccess := Read/Write)"
TAG,,G1Q1W12TT101_ALM,,ALARM_ANALOG,,"(Constant := false, ExternalAccess := Read/Write)"
TAG,,G1Q1W12TT201_ALM,,ALARM_ANALOG,,"(Constant := false, ExternalAccess := Read/Write)"
TAG,,G1Q1W13CT101_ALM,,ALARM_ANALOG,,"(Constant := false, ExternalAccess := Read/Write)"
TAG,,G1Q1W13FT201_ALM,,ALARM_ANALOG,,"(Constant := false, ExternalAccess := Read/Write)"
TAG,,G1Q1W13PT201_ALM,,ALARM_ANALOG,,"(Constant := false, ExternalAccess := Read/Write)"
TAG,,G1Q1W13TT101_ALM,,ALARM_ANALOG,,"(Constant := false, ExternalAccess := Read/Write)"
TAG,,G1Q1W13TT201_ALM,,ALARM_ANALOG,,"(Constant := false, ExternalAccess := Read/Write)"
TAG,,G1Q1W14CT101_ALM,,ALARM_ANALOG,,"(Constant := false, ExternalAccess := Read/Write)"
TAG,,G1Q1W14FT201_ALM,,ALARM_ANALOG,,"(Constant := false, ExternalAccess := Read/Write)"
TAG,,G1Q1W14PT201_ALM,,ALARM_ANALOG,,"(Constant := false, ExternalAccess := Read/Write)"
TAG,,G1Q1W14TT101_ALM,,ALARM_ANALOG,,"(Constant := false, ExternalAccess := Read/Write)"
TAG,,G1Q1W14TT201_ALM,,ALARM_ANALOG,,"(Constant := false, ExternalAccess := Read/Write)"
TAG,,G1Q2W01LT001_ALM,,ALARM_ANALOG,,"(Constant := false, ExternalAccess := Read/Write)"
TAG,,G1Q2W03LT001_ALM,,ALARM_ANALOG,,"(Constant := false, ExternalAccess := Read/Write)"
TAG,,G1Q2W03TT001_ALM,,ALARM_ANALOG,,"(Constant := false, ExternalAccess := Read/Write)"
TAG,,G1Q2W04LT001_ALM,,ALARM_ANALOG,,"(Constant := false, ExternalAccess := Read/Write)"
TAG,,G1Q2W04TT001_ALM,,ALARM_ANALOG,,"(Constant := false, ExternalAccess := Read/Write)"
TAG,,G1Q2W11CT101_ALM,,ALARM_ANALOG,,"(Constant := false, ExternalAccess := Read/Write)"
TAG,,G1Q2W11FT201_ALM,,ALARM_ANALOG,,"(Constant := false, ExternalAccess := Read/Write)"
TAG,,G1Q2W11PT201_ALM,,ALARM_ANALOG,,"(Constant := false, ExternalAccess := Read/Write)"
TAG,,G1Q2W11TT101_ALM,,ALARM_ANALOG,,"(Constant := false, ExternalAccess := Read/Write)"
TAG,,G1Q2W11TT201_ALM,,ALARM_ANALOG,,"(Constant := false, ExternalAccess := Read/Write)"
TAG,,G1Q2W12CT101_ALM,,ALARM_ANALOG,,"(Constant := false, ExternalAccess := Read/Write)"
TAG,,G1Q2W12FT201_ALM,,ALARM_ANALOG,,"(Constant := false, ExternalAccess := Read/Write)"
TAG,,G1Q2W12PT201_ALM,,ALARM_ANALOG,,"(Constant := false, ExternalAccess := Read/Write)"
TAG,,G1Q2W12TT101_ALM,,ALARM_ANALOG,,"(Constant := false, ExternalAccess := Read/Write)"
TAG,,G1Q2W12TT201_ALM,,ALARM_ANALOG,,"(Constant := false, ExternalAccess := Read/Write)"
TAG,,G1Q2W13CT101_ALM,,ALARM_ANALOG,,"(Constant := false, ExternalAccess := Read/Write)"
TAG,,G1Q2W13FT201_ALM,,ALARM_ANALOG,,"(Constant := false, ExternalAccess := Read/Write)"
TAG,,G1Q2W13PT201_ALM,,ALARM_ANALOG,,"(Constant := false, ExternalAccess := Read/Write)"
TAG,,G1Q2W13TT101_ALM,,ALARM_ANALOG,,"(Constant := false, ExternalAccess := Read/Write)"
TAG,,G1Q2W13TT201_ALM,,ALARM_ANALOG,,"(Constant := false, ExternalAccess := Read/Write)"
TAG,,G2E1W01LT001_ALM,,ALARM_ANALOG,,"(Constant := false, ExternalAccess := Read/Write)"
TAG,,G2E1W01TT001_ALM,,ALARM_ANALOG,,"(Constant := false, ExternalAccess := Read/Write)"
TAG,,G2E1W06FT101_ALM,,ALARM_ANALOG,,"(Constant := false, ExternalAccess := Read/Write)"
TAG,,G2E1W06FT111_ALM,,ALARM_ANALOG,,"(Constant := false, ExternalAccess := Read/Write)"
TAG,,G2E1W06TT101_ALM,,ALARM_ANALOG,,"(Constant := false, ExternalAccess := Read/Write)"
TAG,,G2E1W11FT101_ALM,,ALARM_ANALOG,,"(Constant := false, ExternalAccess := Read/Write)"
TAG,,G2E2W01LT001_ALM,,ALARM_ANALOG,,"(Constant := false, ExternalAccess := Read/Write)"
TAG,,G2E2W01TT001_ALM,,ALARM_ANALOG,,"(Constant := false, ExternalAccess := Read/Write)"
TAG,,G2E2W02LT001_ALM,,ALARM_ANALOG,,"(Constant := false, ExternalAccess := Read/Write)"
TAG,,G2E2W02TT001_ALM,,ALARM_ANALOG,,"(Constant := false, ExternalAccess := Read/Write)"
TAG,,G2E2W03LT001_ALM,,ALARM_ANALOG,,"(Constant := false, ExternalAccess := Read/Write)"
TAG,,G2E2W03TT001_ALM,,ALARM_ANALOG,,"(Constant := false, ExternalAccess := Read/Write)"
TAG,,G2E2W06TT101_ALM,,ALARM_ANALOG,,"(Constant := false, ExternalAccess := Read/Write)"
